4cda4c402c1c5146186e471fda6c4fc9,An average human loses about 200 head hairs per day.,djtech.net,https://www.djtech.net/humor/shorty_useless_facts.htm,en,https://uselessfacts.jsph.pl/api/v2/facts/4cda4c402c1c5146186e471fda6c4fc9
6f517dd4dfab50029f4fb2db74943b5c,There are 269 steps to the top of the Leaning Tower of Pisa,djtech.net,http://www.djtech.net/humor/useless_facts.htm,en,https://uselessfacts.jsph.pl/api/v2/facts/6f517dd4dfab50029f4fb2db74943b5c
5f4e905f57a2bfa7febd6f7b7957da1d,"In ancient Greece ""idiot"" meant a private citizen or layman.",djtech.net,https://www.djtech.net/humor/shorty_useless_facts.htm,en,https://uselessfacts.jsph.pl/api/v2/facts/5f4e905f57a2bfa7febd6f7b7957da1d
3eac69032002b90a12abd19d3a2c509a,Half of all Americans live within 50 miles of their birthplace.,djtech.net,http://www.djtech.net/humor/useless_facts.htm,en,https://uselessfacts.jsph.pl/api/v2/facts/3eac69032002b90a12abd19d3a2c509a
483bffa84216d70a20b9311cb4b5b6fb,"About 200,000,000 M&Ms are sold each day in the United States.",djtech.net,https://www.djtech.net/humor/shorty_useless_facts.htm,en,https://uselessfacts.jsph.pl/api/v2/facts/483bffa84216d70a20b9311cb4b5b6fb
1725e8fc3c1b4f93d7a49a11d20ec087,"When you sneeze, air and particles travel through the nostrils at speeds over100 mph.  During this time, all bodily functions stop, including your heart, contributing to the impossibility of keeping one`s eyes open during a sneeze.",djtech.net,http://www.djtech.net/humor/useless_facts.htm,en,https://uselessfacts.jsph.pl/api/v2/facts/1725e8fc3c1b4f93d7a49a11d20ec087
8bcb9b6b1d380574e833e12d1b0b10ed,    Dueling is legal in Paraguay as long as both parties are registered blood donors.,djtech.net,https://www.djtech.net/humor/shorty_useless_facts.htm,en,https://uselessfacts.jsph.pl/api/v2/facts/8bcb9b6b1d380574e833e12d1b0b10ed
f0438fa76b4372f93f5bad20c34fb448,The pancreas produces Insulin.,djtech.net,https://www.djtech.net/humor/shorty_useless_facts.htm,en,https://uselessfacts.jsph.pl/api/v2/facts/f0438fa76b4372f93f5bad20c34fb448
70aff1613abb2f3468252b5c52f9905d,"Orville Wright was involved in the first aircraft accident. His passenger, a Frenchman, was killed.",djtech.net,https://www.djtech.net/humor/shorty_useless_facts.htm,en,https://uselessfacts.jsph.pl/api/v2/facts/70aff1613abb2f3468252b5c52f9905d
bfafbddd685710386f2a863e81578ba2,Some lions mate over 50 times a day.,djtech.net,http://www.djtech.net/humor/useless_facts.htm,en,https://uselessfacts.jsph.pl/api/v2/facts/bfafbddd685710386f2a863e81578ba2
c84f1d6b5de1f506be9dc6946dc3d8ca,Humans use a total of 72 different muscles in speech.,djtech.net,https://www.djtech.net/humor/shorty_useless_facts.htm,en,https://uselessfacts.jsph.pl/api/v2/facts/c84f1d6b5de1f506be9dc6946dc3d8ca
954046b3b18dc5c386b83137f565cb58,3.6 cans of Spam are consumed each second.,djtech.net,http://www.djtech.net/humor/useless_facts.htm,en,https://uselessfacts.jsph.pl/api/v2/facts/954046b3b18dc5c386b83137f565cb58
0e8939433929027d62bad82817e01fe8,Worcestershire sauce in essentially an Anchovy Ketchup.,djtech.net,http://www.djtech.net/humor/useless_facts.htm,en,https://uselessfacts.jsph.pl/api/v2/facts/0e8939433929027d62bad82817e01fe8
58a76329aeda043e07e1fb4632f8e09a,It`s possible to lead a cow upstairs but not downstairs.,djtech.net,http://www.djtech.net/humor/useless_facts.htm,en,https://uselessfacts.jsph.pl/api/v2/facts/58a76329aeda043e07e1fb4632f8e09a
dfcc979d01c90f461936dcc661411a67,The youngest pope ever was 11 years old.,djtech.net,https://www.djtech.net/humor/shorty_useless_facts.htm,en,https://uselessfacts.jsph.pl/api/v2/facts/dfcc979d01c90f461936dcc661411a67
61a394fb0f263453018830f143241c49,60% of electrocutions occur while talking on the telephone during a thunderstorm.,djtech.net,http://www.djtech.net/humor/useless_facts.htm,en,https://uselessfacts.jsph.pl/api/v2/facts/61a394fb0f263453018830f143241c49
d5ffdca6bcad6a63fd519a9b2dde2353,One in every 4 Americans has appeared on television.,djtech.net,https://www.djtech.net/humor/shorty_useless_facts.htm,en,https://uselessfacts.jsph.pl/api/v2/facts/d5ffdca6bcad6a63fd519a9b2dde2353
7d933715521d58c5d1ef337a46717eb0,"""Almost"" is the longest word in the English language with all the letters in alphabetical order.",djtech.net,https://www.djtech.net/humor/shorty_useless_facts.htm,en,https://uselessfacts.jsph.pl/api/v2/facts/7d933715521d58c5d1ef337a46717eb0
9dc6007de790ced736256364a22c0ec2,Los Angeles` full name `El Pueblo de Nuestra Senora la Reina de Los Angeles de Porciuncula` is reduced to 3.63% of its size in the abbreviation `L.A.`.,djtech.net,http://www.djtech.net/humor/useless_facts.htm,en,https://uselessfacts.jsph.pl/api/v2/facts/9dc6007de790ced736256364a22c0ec2
a622e4e183be5d4db4958e788ca080af,Albert Einstein and Charles Darwin both married their first cousins,djtech.net,https://www.djtech.net/humor/shorty_useless_facts.htm,en,https://uselessfacts.jsph.pl/api/v2/facts/a622e4e183be5d4db4958e788ca080af
254b3b3b59925d141d5b6821bfd3f897,In Istanbul gibt es um die 250 Schnurrbart-Kliniken,NEON,http://www.neon.de/artikel/kaufen/produkte/in-istanbul-gibt-es-um-die-250-schnurrbart-kliniken/1091921,de,https://uselessfacts.jsph.pl/api/v2/facts/254b3b3b59925d141d5b6821bfd3f897
077c22f429a677fccbcf789e1338d8f2,Fische können seekrank werden,NEON,http://www.neon.de/artikel/kaufen/produkte/fische-koennen-seekrank-werden/1444857,de,https://uselessfacts.jsph.pl/api/v2/facts/077c22f429a677fccbcf789e1338d8f2
b79041ce6c7b36ffbbc861d97c7c533d,Die Selbstmordrate steigt im Frühling.,NEON,http://www.neon.de/artikel/kaufen/produkte/die-selbstmordrate-steigt-im-fruehling/1041537,de,https://uselessfacts.jsph.pl/api/v2/facts/b79041ce6c7b36ffbbc861d97c7c533d
cd67824e45f57e0a19d94b7705f47a38,"Deutschland importiert jährlich rund 1,2 Milliarden Rosen. Siebzig Prozent davon stammen aus den Niederlanden",NEON,http://www.neon.de/artikel/kaufen/produkte/deutschland-importiert-jaehrlich-rund-1-2-milliarden-rosen-siebzig-prozent-davon-stammen-aus-den-niederlanden/1141061,de,https://uselessfacts.jsph.pl/api/v2/facts/cd67824e45f57e0a19d94b7705f47a38
5cd0bde37a67b3c080d2986aa66f4f04,Udo Lindenberg malt mit bunten Likören kleine Bilder,NEON,http://www.neon.de/artikel/kaufen/produkte/udo-lindenberg-malt-mit-bunten-likoeren-kleine-bilder/1482612,de,https://uselessfacts.jsph.pl/api/v2/facts/5cd0bde37a67b3c080d2986aa66f4f04
d1e00ac5b74fdc364e887903c4755b6c,An einer Supermarktkasse muss man in Deutschland im Durchschnitt sieben Minuten warten.,NEON,http://www.neon.de/artikel/kaufen/produkte/an-einer-supermarktkasse-muss-man-in-deutschland-im-durchschnitt-sieben-minuten-warten/1053425,de,https://uselessfacts.jsph.pl/api/v2/facts/d1e00ac5b74fdc364e887903c4755b6c
eb024e421f1e1895644b5db04143a804,"Drei Viertel der Deutschen haben beste Freunde, die sie im Schnitt seit 24 Jahren kennen",NEON,http://www.neon.de/artikel/kaufen/produkte/drei-viertel-der-deutschen-haben-beste-freunde-die-sie-im-schnitt-seit-24-jahren-kennen/1136849,de,https://uselessfacts.jsph.pl/api/v2/facts/eb024e421f1e1895644b5db04143a804
8538ccb6853eb994e971ac1183ce49db,Die meisten Arbeitsunfälle passieren montags,NEON,http://www.neon.de/artikel/kaufen/produkte/die-meisten-arbeitsunfaelle-passieren-montags/1137681,de,https://uselessfacts.jsph.pl/api/v2/facts/8538ccb6853eb994e971ac1183ce49db
8e3bf6e05f11af3adaed3e1b815b43d4,"Die Farbe des Eiffelturm wird nach oben hin heller, damit der Turm größer wirkt.",NEON,http://www.neon.de/artikel/kaufen/produkte/die-farbe-des-eiffelturm-wird-nach-oben-hin-heller-damit-der-turm-groesser-wirkt/1062601,de,https://uselessfacts.jsph.pl/api/v2/facts/8e3bf6e05f11af3adaed3e1b815b43d4
cfa5859a0392794093e5290a3f7a917f,Mr. Spock hat die Blutgruppe T-Negativ,NEON,http://www.neon.de/artikel/kaufen/produkte/mr-spock-hat-die-blutgruppe-t-negativ/1021871,de,https://uselessfacts.jsph.pl/api/v2/facts/cfa5859a0392794093e5290a3f7a917f
8f93d90a6c1b6d8ef9e6dd2ae1212c11,Daniel Düsentrieb machte über 180 Erfindungen,NEON,http://www.neon.de/artikel/kaufen/produkte/daniel-duesentrieb-machte-ueber-180-erfindungen/1131885,de,https://uselessfacts.jsph.pl/api/v2/facts/8f93d90a6c1b6d8ef9e6dd2ae1212c11
66caaed7904973143a03531deb18613d,"»Psycho« war der erste Hollywoodfilm, der das Spülen einer Toilette zeigte",NEON,http://www.neon.de/artikel/kaufen/produkte/psycho-war-der-erste-hollywoodfilm-der-das-spuelen-einer-toilette-zeigte/1449214,de,https://uselessfacts.jsph.pl/api/v2/facts/66caaed7904973143a03531deb18613d
ee371df2a6f82217042aee926472793c,Der Soul-Sänger Aloe Blacc heißt eigentlich Egbert Nathaniel Dawkins III,NEON,http://www.neon.de/artikel/kaufen/produkte/der-soul-saenger-aloe-blacc-heisst-eigentlich-egbert-nathaniel-dawkins-iii/1113803,de,https://uselessfacts.jsph.pl/api/v2/facts/ee371df2a6f82217042aee926472793c
2b771556b5bc9d2f735be2d94434bb19,Papst Franziskus arbeitete früher als Rausschmeißer in einem Nachtclub in Buenos Aires,NEON,http://www.neon.de/artikel/kaufen/produkte/papst-franziskus-arbeitete-frueher-als-rausschmeisser-in-einem-nachtclub-in-buenos-aires/1443437,de,https://uselessfacts.jsph.pl/api/v2/facts/2b771556b5bc9d2f735be2d94434bb19
4d3cc4f9080e98f5b0f636c3a3954b29,"Die Münzen im Trevi-Brunnen, rund 100 000 Euro im Jahr, gehen an die Caritas.",NEON,http://www.neon.de/artikel/kaufen/reise/die-muenzen-im-trevi-brunnen-rund-100-000-euro-im-jahr-gehen-an-die-caritas/965975,de,https://uselessfacts.jsph.pl/api/v2/facts/4d3cc4f9080e98f5b0f636c3a3954b29
99ffa38a99fcf2b850a8ccd11b1774f2,Den höchsten Pro-Kopf-Verbrauch an Speiseeis in Europa haben die Finnen,NEON,http://www.neon.de/artikel/kaufen/produkte/den-hoechsten-pro-kopf-verbrauch-an-speiseeis-in-europa-haben-die-finnen/1137133,de,https://uselessfacts.jsph.pl/api/v2/facts/99ffa38a99fcf2b850a8ccd11b1774f2
c64f908f90633b572aad48f9b6f93e9f,Schwäne in England sind Eigentum der Königin,NEON,http://www.neon.de/artikel/kaufen/produkte/schwaene-in-england-sind-eigentum-der-koenigin/1448108,de,https://uselessfacts.jsph.pl/api/v2/facts/c64f908f90633b572aad48f9b6f93e9f
5e651df34f9402f19d1e9d78c355a8d1,Nordkoreanische Männer dürfen beim Friseur nur unter zehn Haarschnitten auswählen,NEON,http://www.neon.de/artikel/kaufen/produkte/nordkoreanische-maenner-duerfen-beim-friseur-nur-unter-zehn-haarschnitten-auswaehlen/1078375,de,https://uselessfacts.jsph.pl/api/v2/facts/5e651df34f9402f19d1e9d78c355a8d1
ae437924f987e07b19fdc52330c97c20,"Bundestagsabgeordnete müssen 50 Euro bezahlen, wenn sie an einer namentlichen Abstimmung nicht teilnehmen.",NEON,http://www.neon.de/artikel/kaufen/produkte/bundestagsabgeordnete-muessen-50-euro-bezahlen-wenn-sie-an-einer-namentlichen-abstimmung-nicht-teilnehmen/1036503,de,https://uselessfacts.jsph.pl/api/v2/facts/ae437924f987e07b19fdc52330c97c20
e431e6ed7cfca561208c2e9138dbfe7a,Coldplay-Fans gehen beim ersten Date seltener mit dem anderen ins Bett als Nirvana-Fans.,NEON,http://www.neon.de/artikel/kaufen/produkte/coldplay-fans-gehen-beim-ersten-date-seltener-mit-dem-anderen-ins-bett-als-nirvana-fans/996320,de,https://uselessfacts.jsph.pl/api/v2/facts/e431e6ed7cfca561208c2e9138dbfe7a
